tese,hook,codigo,nome_tese,copy,arquivo_base
"1","1","saber","Saber no es el problema","Sabes perfectamente qué deberías comer. Entonces, ¿por qué no consigues mantenerlo?","01-01-saber-sabes-perfectamente-que-deberias-comer-entonce"
"1","2","saber","Saber no es el problema","Si saber qué comer fuese suficiente, ya lo habrías solucionado.","01-02-saber-si-saber-que-comer-fuese-suficiente-ya-lo-habr"
"1","3","saber","Saber no es el problema","No necesitas otra dieta. Necesitas entender qué pasa antes de romperla.","01-03-saber-no-necesitas-otra-dieta-necesitas-entender-que"
"1","4","saber","Saber no es el problema","Tienes la información. Lo difícil ocurre unos minutos antes de comer.","01-04-saber-tienes-la-informacion-lo-dificil-ocurre-unos-m"
"1","5","saber","Saber no es el problema","El problema no es lo que sabes. Es lo que pasa cuando llega el impulso.","01-05-saber-el-problema-no-es-lo-que-sabes-es-lo-que-pasa-"
"2","1","hambre","Comer sin hambre","No tienes hambre. Pero vuelves a abrir la nevera.","02-01-hambre-no-tienes-hambre-pero-vuelves-a-abrir-la-never"
"2","2","hambre","Comer sin hambre","Si no tienes hambre, ¿por qué sigues pensando en comer?","02-02-hambre-si-no-tienes-hambre-por-que-sigues-pensando-en"
"2","3","hambre","Comer sin hambre","¿Por qué comes cuando sabes que no tienes hambre?","02-03-hambre-por-que-comes-cuando-sabes-que-no-tienes-hambr"
"2","4","hambre","Comer sin hambre","Tu cuerpo dice que no. El impulso dice otra cosa.","02-04-hambre-tu-cuerpo-dice-que-no-el-impulso-dice-otra-cos"
"2","5","hambre","Comer sin hambre","La nevera está abierta. El hambre no.","02-05-hambre-la-nevera-esta-abierta-el-hambre-no"
"3","1","voluntad","Fuerza de voluntad","No necesitas más fuerza de voluntad.","03-01-voluntad-no-necesitas-mas-fuerza-de-voluntad"
"3","2","voluntad","Fuerza de voluntad","Quizá nunca te faltó fuerza de voluntad.","03-02-voluntad-quiza-nunca-te-falto-fuerza-de-voluntad"
"3","3","voluntad","Fuerza de voluntad","Cuanto más intentas controlarte, más difícil parece.","03-03-voluntad-cuanto-mas-intentas-controlarte-mas-dificil-pa"
"3","4","voluntad","Fuerza de voluntad","Controlarte más no te está ayudando a entenderte mejor.","03-04-voluntad-controlarte-mas-no-te-esta-ayudando-a-entender"
"3","5","voluntad","Fuerza de voluntad","Si fuese falta de voluntad, ¿por qué solo ocurre en ciertos momentos?","03-05-voluntad-si-fuese-falta-de-voluntad-por-que-solo-ocurre"
"4","1","picar","El picoteo empieza antes","Dices que solo vas a picar algo. Y cuando te das cuenta, ya has vuelto a hacerlo.","04-01-picar-dices-que-solo-vas-a-picar-algo-y-cuando-te-da"
"4","2","picar","El picoteo empieza antes","¿Por qué acabas picando aunque no tengas hambre?","04-02-picar-por-que-acabas-picando-aunque-no-tengas-hambre"
"4","3","picar","El picoteo empieza antes","El problema no empieza cuando comes. Empieza unos minutos antes.","04-03-picar-el-problema-no-empieza-cuando-comes-empieza-un"
"4","4","picar","El picoteo empieza antes","Antes del primer bocado ya estaba ocurriendo algo.","04-04-picar-antes-del-primer-bocado-ya-estaba-ocurriendo-a"
"4","5","picar","El picoteo empieza antes","No empieza en la despensa. Empieza en el momento anterior.","04-05-picar-no-empieza-en-la-despensa-empieza-en-el-moment"
"5","1","ansiedad","Ansiedad por comer","Cuando estás nerviosa, ¿te da por comer?","05-01-ansiedad-cuando-estas-nerviosa-te-da-por-comer"
"5","2","ansiedad","Ansiedad por comer","Hay días en los que no tienes hambre. Tienes ganas de calmar algo.","05-02-ansiedad-hay-dias-en-los-que-no-tienes-hambre-tienes-ga"
"5","3","ansiedad","Ansiedad por comer","La ansiedad no empieza en la cocina.","05-03-ansiedad-la-ansiedad-no-empieza-en-la-cocina"
"5","4","ansiedad","Ansiedad por comer","A veces no buscas comida. Buscas que el día se calle un momento.","05-04-ansiedad-a-veces-no-buscas-comida-buscas-que-el-dia-se-"
"5","5","ansiedad","Ansiedad por comer","El impulso aparece rápido. Entenderlo puede cambiar tu respuesta.","05-05-ansiedad-el-impulso-aparece-rapido-entenderlo-puede-cam"
"6","1","ciclo","Volver a empezar","Cada lunes vuelves a empezar.","06-01-ciclo-cada-lunes-vuelves-a-empezar"
"6","2","ciclo","Volver a empezar","Comes. Te arrepientes. Intentas controlarte. Y vuelves a empezar.","06-02-ciclo-comes-te-arrepientes-intentas-controlarte-y-vu"
"6","3","ciclo","Volver a empezar","Quizá el problema sea volver a empezar cada vez.","06-03-ciclo-quiza-el-problema-sea-volver-a-empezar-cada-ve"
"6","4","ciclo","Volver a empezar","Un momento difícil no tiene por qué convertirse en una semana perdida.","06-04-ciclo-un-momento-dificil-no-tiene-por-que-convertirs"
"6","5","ciclo","Volver a empezar","¿Y si esta vez no empezaras de cero, sino desde lo que has entendido?","06-05-ciclo-y-si-esta-vez-no-empezaras-de-cero-sino-desde-"
"7","1","relacion","Menos lucha, más comprensión","Comer no debería sentirse como una pelea contigo misma.","07-01-relacion-comer-no-deberia-sentirse-como-una-pelea-conti"
"7","2","relacion","Menos lucha, más comprensión","¿Cuánto tiempo llevas intentando controlarte con la comida?","07-02-relacion-cuanto-tiempo-llevas-intentando-controlarte-co"
"7","3","relacion","Menos lucha, más comprensión","Tal vez no necesitas controlar más la comida. Necesitas entenderte mejor.","07-03-relacion-tal-vez-no-necesitas-controlar-mas-la-comida-n"
"7","4","relacion","Menos lucha, más comprensión","No todo impulso necesita una prohibición. Algunos necesitan una explicación.","07-04-relacion-no-todo-impulso-necesita-una-prohibicion-algun"
"7","5","relacion","Menos lucha, más comprensión","La calma con la comida no empieza con otra regla.","07-05-relacion-la-calma-con-la-comida-no-empieza-con-otra-reg"
"8","1","momento","Ayuda en el momento","El problema ocurre a las 22:17. Tu nutricionista no está contigo a las 22:17.","08-01-momento-el-problema-ocurre-a-las-22-17-tu-nutricionist"
"8","2","momento","Ayuda en el momento","Cuando aparece el impulso de comer, necesitas ayuda en ese momento.","08-02-momento-cuando-aparece-el-impulso-de-comer-necesitas-a"
"8","3","momento","Ayuda en el momento","LIA no te explica qué hacer mañana. Te acompaña cuando ocurre.","08-03-momento-lia-no-te-explica-que-hacer-manana-te-acompana"
"8","4","momento","Ayuda en el momento","El impulso aparece ahora. La ayuda también debería estar disponible ahora.","08-04-momento-el-impulso-aparece-ahora-la-ayuda-tambien-debe"
"8","5","momento","Ayuda en el momento","No cuando ya ha pasado. En el momento en que ocurre.","08-05-momento-no-cuando-ya-ha-pasado-en-el-momento-en-que-oc"
